{"cameraMode":{"drawMode":0,"name":"Shaded","section":"Shading Mode"},"sceneLighting":true,"audioPlay":false,"sceneViewState":{"showFog":true,"showMaterialUpdate":false,"showSkybox":true,"showFlares":true,"showImageEffects":true,"showParticleSystems":true,"showVisualEffectGraphs":true,"m_FxEnabled":true},"in2DMode":false,"pivot":{"x":34.85059356689453,"y":-1.0090912580490113,"z":34.323463439941409},"rotation":{"x":-0.11751892417669296,"y":-0.21276913583278657,"z":0.02579195611178875,"w":-0.9696695804595947},"size":37.449859619140628,"orthographic":false}