{"cameraMode":{"drawMode":0,"name":"Shaded","section":"Shading Mode"},"sceneLighting":true,"audioPlay":false,"sceneViewState":{"showFog":true,"showMaterialUpdate":false,"showSkybox":true,"showFlares":true,"showImageEffects":true,"showParticleSystems":true,"showVisualEffectGraphs":true,"m_FxEnabled":true},"in2DMode":false,"pivot":{"x":5.952356338500977,"y":-33.37690734863281,"z":43.862388610839847},"rotation":{"x":-0.3175148069858551,"y":0.0014223201433196664,"z":-0.00047026327229104936,"w":-0.9482511878013611},"size":37.449859619140628,"orthographic":false}