{"cameraMode":{"drawMode":0,"name":"Shaded","section":"Shading Mode"},"sceneLighting":true,"audioPlay":false,"sceneViewState":{"showFog":true,"showMaterialUpdate":false,"showSkybox":true,"showFlares":true,"showImageEffects":true,"showParticleSystems":true,"showVisualEffectGraphs":true,"m_FxEnabled":true},"in2DMode":false,"pivot":{"x":481.9609069824219,"y":399.38848876953127,"z":109.22532653808594},"rotation":{"x":-0.023104876279830934,"y":0.008995852433145047,"z":-0.00020262732869014144,"w":-0.9996945261955261},"size":204.72547912597657,"orthographic":false}